correo,contrase√±a
Brian Haas@gmail.com,107335
Laura Nelson@gmail.com,427059
Richard Johnson@gmail.com,411167
Jennifer Hernandez@gmail.com,400949
William Robinson@gmail.com,140221
Maria Yu@gmail.com,252214
Gregory Freeman@gmail.com,563751
Aaron Haney@gmail.com,400021
Kimberly Frye@gmail.com,712739
Brittany Pacheco@gmail.com,223954
Rodney Malone@gmail.com,372296
Logan King@gmail.com,925729
Angelica Gutierrez@gmail.com,259444
Rebekah Morrow@gmail.com,265133
Joseph Moore@gmail.com,196201
Theresa Wright@gmail.com,522800
Amanda Ward@gmail.com,657603
Danielle Harper@gmail.com,197302
Chad Rodriguez@gmail.com,316043
Omar Ramsey@gmail.com,522216
Donald Myers@gmail.com,992071
Brianna Herring@gmail.com,925759
Sheri Carson DVM@gmail.com,709347
David Stone@gmail.com,725393
Katherine Mills@gmail.com,290939
Shawn Anderson@gmail.com,591009
Kyle Farley@gmail.com,805359
Jennifer Deleon@gmail.com,350276
Bruce Welch@gmail.com,405099
Gwendolyn Russo@gmail.com,789996
Barbara Hunter@gmail.com,805724
Aaron Sutton@gmail.com,608424
Sean Anderson@gmail.com,339390
Melanie Garcia@gmail.com,340135
Thomas Holmes@gmail.com,118996
Sherry Lewis@gmail.com,740792
Kristine Martinez@gmail.com,955551
Randy Gutierrez@gmail.com,831860
Ariana Henderson PhD@gmail.com,446068
Margaret Young@gmail.com,251801
Ashley Hernandez@gmail.com,457965
Thomas Castillo@gmail.com,291356
Terry Thomas@gmail.com,670889
Joe Allen@gmail.com,746150
Jesse Martin@gmail.com,441990
Amy Flores@gmail.com,354101
Elizabeth Fisher@gmail.com,756259
Jose Brady@gmail.com,590967
Damon Cruz@gmail.com,231668
Diana Lynch@gmail.com,431970
Brian Jimenez@gmail.com,718020
Ronald Morton@gmail.com,897032
Benjamin Torres@gmail.com,258697
Vincent Nguyen@gmail.com,141951
Jason Chapman@gmail.com,952613
Isabella Foster@gmail.com,237145
Brandon Scott@gmail.com,437770
David Shepherd@gmail.com,552845
Michelle Scott@gmail.com,722778
Luis Kelly@gmail.com,197157
Stacy Brown@gmail.com,974736
Robin Baker@gmail.com,797874
Laura Hudson@gmail.com,164062
Monica Webster@gmail.com,585730
Jonathan Griffin@gmail.com,803502
David Flowers@gmail.com,495708
Nancy Doyle@gmail.com,860839
Dylan Scott@gmail.com,212605
Sherry Abbott@gmail.com,485210
William Cooper@gmail.com,620226
Stephanie Romero@gmail.com,554733
Amy Gillespie@gmail.com,681958
Austin Bates@gmail.com,618927
Deanna King@gmail.com,860144
Mr. Joseph Torres@gmail.com,590567
Traci Rivera@gmail.com,537368
Glenn Stevens@gmail.com,306945
Frank Mcclain@gmail.com,313705
Melinda Thornton@gmail.com,275434
Luke Bailey@gmail.com,438000
Toni Ray@gmail.com,689760
Charles Daniel@gmail.com,770717
Stephanie Mendoza@gmail.com,624966
James James@gmail.com,741771
Cynthia Franklin@gmail.com,615886
Mark Smith@gmail.com,444487
Joe Martin@gmail.com,997573
Laura Bonilla@gmail.com,420618
Julie Cardenas@gmail.com,839904
Kyle Cook@gmail.com,329596
Kimberly Kelley@gmail.com,672194
William Campbell@gmail.com,735396
Justin Salazar@gmail.com,848464
Angela Price@gmail.com,277934
Christopher Wilson@gmail.com,108015
Bryan Sandoval@gmail.com,153522
Jennifer West@gmail.com,898463
Thomas Brooks@gmail.com,305069
Jonathan Garcia@gmail.com,935646
Amanda Thompson@gmail.com,701163
William Stewart@gmail.com,414194
Eric Jordan@gmail.com,561766
Marie Morgan@gmail.com,868404
Jessica Morris@gmail.com,703578
Michael Scott@gmail.com,730995
Eddie Sanders@gmail.com,831347
Jennifer Jones@gmail.com,289640
Krista Morgan@gmail.com,182191
James Walters@gmail.com,591780
Sue Vega@gmail.com,442596
Cheryl Silva@gmail.com,267457
William Garcia@gmail.com,444990
Ryan Harrison@gmail.com,499784
Stanley Moore@gmail.com,220044
Terry Calhoun@gmail.com,471699
Tanner Mora@gmail.com,628096
Steven Cooke@gmail.com,805988
Ethan Brown@gmail.com,528703
Dustin Hanson@gmail.com,919747
Lisa Byrd@gmail.com,120615
Miss Alicia Scott@gmail.com,762876
James Wilson@gmail.com,608726
Linda Gomez@gmail.com,657463
Debra Price@gmail.com,632355
James Cummings@gmail.com,707548
Terry Green@gmail.com,936946
Robert Anderson@gmail.com,889496
Michael Cohen@gmail.com,244544
Joseph Shaw@gmail.com,446672
Rhonda Robertson@gmail.com,396906
Jennifer Jackson@gmail.com,309243
Dr. Arthur Russell@gmail.com,317385
April Baker@gmail.com,803364
William Charles@gmail.com,486704
Veronica Montgomery@gmail.com,142886
James Scott@gmail.com,215085
Kyle Morrison@gmail.com,851810
Edwin Summers@gmail.com,444904
Aaron Baker@gmail.com,514219
Rachel Calhoun@gmail.com,948968
Michele Willis@gmail.com,909274
Sarah Stewart@gmail.com,728735
Raymond Weaver@gmail.com,457408
Craig Lynch@gmail.com,632296
Jennifer Horne@gmail.com,677133
Laurie Hughes@gmail.com,835932
Andrew Taylor@gmail.com,553320
Cheyenne Watts@gmail.com,486677
Brian Frederick@gmail.com,422657
Jon Maynard@gmail.com,721846
Dr. Paul Johnson@gmail.com,141770
Nicholas Atkinson DDS@gmail.com,639204
Destiny Woods@gmail.com,571490
Terry Ellis@gmail.com,326812
Gregory Weaver@gmail.com,166779
Leslie Young@gmail.com,401929
James Rios@gmail.com,137125
Emily Cohen@gmail.com,195260
Sherry Snyder@gmail.com,444861
Manuel Marsh@gmail.com,330856
Thomas Thomas@gmail.com,848140
Adrienne Rodriguez@gmail.com,937718
Matthew Thompson@gmail.com,207399
Sarah Mathis@gmail.com,620308
Kelsey Anderson@gmail.com,146577
Angel Daniels@gmail.com,159568
Kevin Garcia@gmail.com,257313
Hannah Martin@gmail.com,500337
Mr. Brandon Riley@gmail.com,521527
Kelly Barnett@gmail.com,556322
Margaret Mcclure@gmail.com,897531
Victoria Payne@gmail.com,169816
Danielle Garcia@gmail.com,310889
Gregory Thompson@gmail.com,154177
Christine Ramirez@gmail.com,934154
Charles Tate@gmail.com,315891
Christopher Levy@gmail.com,651190
Ryan Smith@gmail.com,756747
Arthur Santos@gmail.com,730782
James Kramer@gmail.com,641663
Courtney Hart@gmail.com,980486
Mark Macias@gmail.com,544111
Joseph Bryant@gmail.com,992078
James Harper@gmail.com,948307
Kristina Gregory@gmail.com,802572
Sarah Burton@gmail.com,558704
Ryan Martin@gmail.com,184480
Lori Lopez@gmail.com,795262
Brian Hall@gmail.com,102077
Brandon Andersen@gmail.com,504084
Charles Johnson@gmail.com,259849
Brandon Silva@gmail.com,892683
Sean Clark@gmail.com,159497
Dalton Young@gmail.com,177221
Janice Bennett@gmail.com,233892
Jaime Martinez@gmail.com,564061
Evelyn Black@gmail.com,152816
Sean Miller@gmail.com,552729
Mark Joseph@gmail.com,885350
Steven Williamson@gmail.com,453722
Sarah Reed MD@gmail.com,648081
Robert Mcmahon@gmail.com,338335
Donna Harris@gmail.com,284232
Melanie Simmons@gmail.com,543842
Francisco Skinner@gmail.com,775152
Jared Douglas@gmail.com,724860
Ryan Sellers@gmail.com,927792
Albert Campbell@gmail.com,688712
Michael Wheeler@gmail.com,656831
Andrew Porter@gmail.com,961158
Kathryn Gonzalez@gmail.com,361456
Jeffrey Bryan@gmail.com,370152
Carrie Bates@gmail.com,909630
Linda Lee@gmail.com,994674
Angela Armstrong@gmail.com,788606
Isaac Cortez@gmail.com,327306
John Miles MD@gmail.com,562723
Donald Gallagher@gmail.com,531685
Michelle Villa@gmail.com,927873
Jessica Cross@gmail.com,516479
Joyce Hardin@gmail.com,247918
Kurt Abbott@gmail.com,887779
Tyler Chavez@gmail.com,659525
Charles Park@gmail.com,712258
Garrett Rice@gmail.com,997992
Karen Le@gmail.com,418760
Jonathan Rios@gmail.com,213577
Caroline Whitehead@gmail.com,569833
Todd Mann@gmail.com,853318
Lauren Blackwell@gmail.com,844931
Brooke Warren@gmail.com,691374
Michael Mahoney MD@gmail.com,230261
Joseph Maldonado@gmail.com,217428
Laurie Cochran@gmail.com,607564
Colleen Fitzgerald@gmail.com,879732
Brandon Davis@gmail.com,765365
Lauren Olson@gmail.com,121031
Dawn White@gmail.com,925385
Rebecca Clarke@gmail.com,512090
Judith Garza@gmail.com,427006
Michael Boyer@gmail.com,750929
Kenneth Gonzales@gmail.com,551040
Edwin Nguyen@gmail.com,254697
Cheryl Costa@gmail.com,286670
Rick Walker@gmail.com,675438
Ryan Powers@gmail.com,762732
Ryan Hunter@gmail.com,347477
Darrell Ayala@gmail.com,325633
Gregory Miller@gmail.com,651074
Steven Baxter@gmail.com,164631
Darius Davis@gmail.com,709045
Denise Diaz@gmail.com,463400
Christopher Lam@gmail.com,926666
Dustin Taylor@gmail.com,411135
Kristina Daniel@gmail.com,823221
Dale Morales@gmail.com,692679
David Rojas@gmail.com,670498
Valerie Collins@gmail.com,714720
Vanessa Gallegos@gmail.com,460451
Katelyn Dillon@gmail.com,522849
Jennifer Hanson@gmail.com,433700
Whitney Gibbs@gmail.com,144829
Joseph Lee Jr.@gmail.com,551674
Kevin Hawkins@gmail.com,620699
Anthony Nelson@gmail.com,428812
Jill Pitts@gmail.com,176177
Melody Wilson@gmail.com,924501
Aaron Carter@gmail.com,777139
Justin Hodge@gmail.com,446314
Mrs. Maria Crawford@gmail.com,198805
Megan Young@gmail.com,731929
Laura Morris@gmail.com,521678
Shelly Smith@gmail.com,953859
Tracey Wyatt@gmail.com,359389
Brent Escobar@gmail.com,352410
Karen King@gmail.com,452635
Richard Hayden@gmail.com,923081
Maria Hodge@gmail.com,763535
Kelly Burnett@gmail.com,116691
Barbara Peters@gmail.com,650372
Larry Sanders@gmail.com,607040
Regina Hernandez@gmail.com,132168
Heather Gould@gmail.com,421682
Whitney Scott@gmail.com,993266
Selena Shaw@gmail.com,947726
Karen Meyers DDS@gmail.com,971663
Sharon Williams@gmail.com,824476
Holly Burke@gmail.com,701745
John Nelson@gmail.com,427516
Samantha Castillo@gmail.com,586934
Alexander Garcia@gmail.com,470718
Jasmine Baker@gmail.com,694345
Justin French@gmail.com,691093
Rachel Lang@gmail.com,339526
Billy Fleming@gmail.com,700637
Daniel Dorsey@gmail.com,851610
Dan Jones@gmail.com,955009
Melanie Wilson@gmail.com,528553
Matthew Robinson@gmail.com,193393
Joshua Walsh@gmail.com,948574
Lauren Fuller@gmail.com,590992
Haley Martinez@gmail.com,951408
Jessica Wagner@gmail.com,355742
Phillip Mcclain@gmail.com,334636
Wesley Osborn@gmail.com,716000
John Sanders@gmail.com,483230
Noah Chapman@gmail.com,334616
Ashley Davis@gmail.com,510840
Julie Wolf@gmail.com,847181
Jessica Sanders@gmail.com,799418
Eric Olson V@gmail.com,134819
Nicholas Pitts@gmail.com,678857
Lisa Johnson@gmail.com,483074
Jeffrey Smith@gmail.com,353840
Nathan Wheeler@gmail.com,152884
Derek Johnson@gmail.com,313464
Stephanie Young@gmail.com,953767
Tracey Ortiz@gmail.com,416876
Jesse Rice@gmail.com,295980
Jerry Barrera@gmail.com,240813
Emma Foster@gmail.com,542182
Denise Howell@gmail.com,372096
Heather Walker@gmail.com,540858
Meghan Nash@gmail.com,188533
Sharon Mccullough@gmail.com,116269
Henry Chapman@gmail.com,168102
Kara Brown@gmail.com,801941
Dr. Derrick Small@gmail.com,210486
Timothy Garcia@gmail.com,927585
Noah Kennedy@gmail.com,822937
Matthew Branch@gmail.com,319960
Jimmy Weber@gmail.com,578961
Ariel Wagner@gmail.com,525632
Ashley Ramirez@gmail.com,882505
Craig Arias@gmail.com,952961
Daniel Ramirez@gmail.com,180147
Elizabeth Wilson DDS@gmail.com,409242
Lori Farrell@gmail.com,741526
Amanda Smith@gmail.com,450021
Felicia Robinson@gmail.com,944914
Daniel Williams@gmail.com,386440
Amanda Williams@gmail.com,945844
Joshua Huffman@gmail.com,214696
Erik Alvarez@gmail.com,296267
Emily Leon@gmail.com,142418
Mary Thompson@gmail.com,508260
Emily Martin@gmail.com,519984
Bobby Taylor@gmail.com,297246
Dennis Phillips@gmail.com,721601
Stacie Johnson@gmail.com,286576
Mrs. Julie Meyer@gmail.com,919513
Lance Young@gmail.com,238642
Autumn Newman@gmail.com,114265
William Walker@gmail.com,892169
Martha Butler@gmail.com,910695
William Jones@gmail.com,114582
Ms. Brenda Evans@gmail.com,700767
Laura Andrade@gmail.com,320157
Misty Benjamin@gmail.com,244748
Rebecca Mcgee@gmail.com,795843
Anthony West@gmail.com,147149
Brooke Wagner@gmail.com,318102
Sarah Cunningham@gmail.com,845769
Bruce Scott@gmail.com,225696
Brenda Freeman@gmail.com,564762
Cheryl Mitchell@gmail.com,839210
Ashley Roberts@gmail.com,496450
Anna Mcdonald@gmail.com,531173
Paula Norton@gmail.com,343487
Julie Sims@gmail.com,458091
Andrew Cruz@gmail.com,771579
Lisa Dodson@gmail.com,963806
Larry Scott@gmail.com,843270
Thomas Brown@gmail.com,462432
Brittany Palmer@gmail.com,352107
Adam Holland@gmail.com,958227
Victor Thompson@gmail.com,581863
Robert Arnold@gmail.com,772276
Bruce Hartman@gmail.com,632361
Craig Moore@gmail.com,824453
Larry Perry@gmail.com,288064
James Thomas@gmail.com,280138
Joseph Valdez@gmail.com,140887
Jeffrey Gomez@gmail.com,570238
Carly Brown@gmail.com,699176
Corey Gomez@gmail.com,649794
Eric Green@gmail.com,231456
Joy Montoya@gmail.com,683586
Ryan Curry@gmail.com,569027
Dawn Vance@gmail.com,659340
Laura Hogan@gmail.com,464892
Kelly Bennett@gmail.com,592313
Karen Le@gmail.com,518609
Sarah Parker@gmail.com,125012
Rhonda Smith@gmail.com,894714
Monique Mills@gmail.com,657497
Johnny Scott@gmail.com,805244
Christopher Ball@gmail.com,296232
Kathy Mathews@gmail.com,689954
Travis James@gmail.com,550728
Phillip Bullock@gmail.com,908155
Brian Barnett@gmail.com,269499
Jacqueline Bowman@gmail.com,677062
Joshua Sanchez@gmail.com,211248
Daniel Huff@gmail.com,328418
Garrett Spencer@gmail.com,528995
Henry Bush@gmail.com,459484
Kendra Shannon@gmail.com,678402
Randy Garcia@gmail.com,979495
Carla Lambert@gmail.com,985130
Yvonne Porter@gmail.com,778257
Mary Garcia@gmail.com,647239
Pamela Herrera@gmail.com,400891
Kelly Werner@gmail.com,148799
Julie Wiley@gmail.com,409890
Carrie Boyle@gmail.com,500708
Shelly Meyers@gmail.com,261968
Brian Chapman@gmail.com,448704
Randy Thompson@gmail.com,558846
Claudia Miller@gmail.com,330537
William Martin@gmail.com,335514
Ashley Martin@gmail.com,371887
Wesley Lang@gmail.com,291074
Daniel Perez@gmail.com,270744
Denise Benson@gmail.com,511421
Emily Mitchell@gmail.com,683476
Jillian Meza@gmail.com,172341
Julian Garcia@gmail.com,232632
Steven White@gmail.com,789657
Sean Davis@gmail.com,260652
Stephanie Morrison@gmail.com,120537
Crystal Schneider@gmail.com,448221
Marissa Stevens@gmail.com,238685
Peter Owen@gmail.com,557994
Derek Garcia@gmail.com,354622
James Mooney@gmail.com,700236
Jacob Rodgers@gmail.com,230601
Joshua Garcia@gmail.com,906577
Edward Middleton@gmail.com,324594
Rachel Sullivan@gmail.com,941096
Miss Janet Ryan DDS@gmail.com,467456
Mary Stephenson@gmail.com,937618
Bradley Molina@gmail.com,836595
Kerry Smith@gmail.com,280791
Amy Perez@gmail.com,494600
Mr. Kenneth Mckinney@gmail.com,912936
Richard Chambers@gmail.com,645221
Jessica Wright@gmail.com,254101
Jody Wolfe@gmail.com,856345
Ashley Hines@gmail.com,139131
Richard Neal@gmail.com,871109
Paul Austin@gmail.com,461299
Jeremy Pierce@gmail.com,686851
Nicholas Burnett@gmail.com,140157
Michael Sanders@gmail.com,516050
Kenneth Bolton@gmail.com,313297
Abigail Jenkins@gmail.com,644851
Melissa Anderson@gmail.com,363815
Lauren Francis@gmail.com,190156
Stephanie Glover@gmail.com,602139
Brandon Malone@gmail.com,294675
Paula Davenport@gmail.com,101718
Jessica Cox@gmail.com,236024
Edward Fritz@gmail.com,460806
Michael Webb@gmail.com,208042
Dr. Eileen Obrien@gmail.com,109398
Monica English@gmail.com,733363
Helen Hernandez@gmail.com,872497
Brandon Friedman@gmail.com,211130
Alicia Silva@gmail.com,423483
Wendy Carpenter@gmail.com,694232
Donna Vargas@gmail.com,338853
Lindsay Woods@gmail.com,129695
Crystal Johnson@gmail.com,886248
George Dillon@gmail.com,713797
Karen Schaefer@gmail.com,619055
Joshua Castillo@gmail.com,491364
Michele Huff@gmail.com,904357
Justin Daniel@gmail.com,524441
Ashley Clark@gmail.com,107262
Nicholas Romero@gmail.com,328658
Juan Fisher DDS@gmail.com,988217
Samantha Glass@gmail.com,712098
Dr. Kara Gill@gmail.com,524580
Mary Smith@gmail.com,188945
Lisa Watson@gmail.com,941163
Travis Schwartz@gmail.com,592827
Luis Wagner@gmail.com,163545
William Gonzalez@gmail.com,198218
David Riddle DDS@gmail.com,593517
Christine Barajas@gmail.com,314947
Curtis Brennan@gmail.com,938050
Steven Morgan@gmail.com,344444
Brett Owen@gmail.com,905621
Joshua Patterson@gmail.com,747441
Austin Tate@gmail.com,959728
Erin Cruz@gmail.com,943221
Stephanie Payne@gmail.com,396026
Natalie Stark@gmail.com,938901
Tabitha Harris@gmail.com,682961
Brittany Parker@gmail.com,623539
Richard Moreno@gmail.com,386320
Eileen Nunez@gmail.com,982912
Dale Meyer@gmail.com,135048
Taylor Pineda MD@gmail.com,724721
Jacob Smith@gmail.com,492404
James King@gmail.com,105595
William Callahan@gmail.com,875454
Philip Frank@gmail.com,126898
Brandon Stokes@gmail.com,133584
Nicole Gutierrez@gmail.com,498904
James Castro@gmail.com,608673
Rebecca Nguyen@gmail.com,446918
Gerald Weber@gmail.com,175426
Michael Castro@gmail.com,459336
Nicole Lester@gmail.com,508904
Hannah Petty@gmail.com,519117
Nicole Yang@gmail.com,370112
Elizabeth Campbell@gmail.com,955849
Taylor Butler@gmail.com,301568
Alexander Soto@gmail.com,446158
Susan Acosta@gmail.com,408901
Ellen Michael@gmail.com,343096
Laurie Little@gmail.com,486614
Melvin Sullivan@gmail.com,848965
Edward Lewis@gmail.com,955284
Krista Kennedy@gmail.com,656460
Joseph Jones@gmail.com,981670
William Conway MD@gmail.com,966746
Debbie Williams@gmail.com,184591
Jennifer Crane@gmail.com,473935
Christopher Griffin@gmail.com,609240
Charles Duncan@gmail.com,658219
Glenn Lamb@gmail.com,116028
Wendy Pittman@gmail.com,806558
Heather Kelly@gmail.com,151491
Angela Diaz@gmail.com,633357
Kyle Wilcox@gmail.com,686503
Jaclyn Myers@gmail.com,283852
Deborah Wilson@gmail.com,348615
Patricia Hall@gmail.com,301333
Gregory Daugherty@gmail.com,382140
Troy Medina@gmail.com,233707
Hunter Christian@gmail.com,322305
Eric Owens@gmail.com,854795
Randy Davis@gmail.com,812950
Brooke Montoya@gmail.com,917088
Howard Glover@gmail.com,964586
Michael Kramer@gmail.com,223231
Crystal Meyers DDS@gmail.com,888938
Brian Hoffman@gmail.com,167191
Todd Parrish@gmail.com,944053
James Harris@gmail.com,918874
Gabriella Reed@gmail.com,231773
Nicholas Robertson@gmail.com,599900
David Ritter@gmail.com,446516
Cynthia Hernandez@gmail.com,267468
Alicia Cochran@gmail.com,435148
Phillip Lee@gmail.com,407835
Jessica Harper@gmail.com,585104
Kristina Patrick@gmail.com,263181
Sheila Jacobs@gmail.com,269120
Anna Jenkins@gmail.com,723814
Shelby Allen@gmail.com,886094
Alice Stanley@gmail.com,312039
Patrick Gonzalez@gmail.com,808918
Barry Hopkins@gmail.com,841194
Becky Doyle@gmail.com,281021
Levi Morton@gmail.com,331497
Micheal Ortega@gmail.com,357158
Loretta Hernandez@gmail.com,708377
Heather Reynolds@gmail.com,413091
Christina Romero@gmail.com,155093
Mark Lopez@gmail.com,119831
David Turner@gmail.com,872626
Dr. John Mendoza@gmail.com,996468
Kimberly Garza@gmail.com,450619
Justin Rivera@gmail.com,591123
Matthew Moreno@gmail.com,434427
Kylie Martin@gmail.com,550701
Gloria Nunez@gmail.com,397822
Dr. Steven Johnson@gmail.com,299836
Blake Hensley@gmail.com,387754
Dawn Burns@gmail.com,969392
Kyle Mitchell@gmail.com,387386
Ellen Whitney@gmail.com,471089
Brittany Calderon@gmail.com,463885
James Paul@gmail.com,672104
Todd Nunez@gmail.com,896794
Stephanie Davis@gmail.com,960958
Valerie Gould@gmail.com,666850
Lisa Graves@gmail.com,731635
Jason Hansen@gmail.com,870630
Mr. Matthew Pearson Jr.@gmail.com,328856
Shannon Moore@gmail.com,387097
Angel Sharp@gmail.com,964907
Aaron Wells@gmail.com,782984
Jesus Ellis@gmail.com,622704
Steve Perez@gmail.com,306641
Joshua Wright@gmail.com,425105
April Hill@gmail.com,787855
Cassidy Evans@gmail.com,465333
Robin Oliver@gmail.com,363740
Sonya Goodman@gmail.com,435082
Taylor Savage@gmail.com,669780
Lori Wolfe@gmail.com,447033
Mary Reid@gmail.com,328058
Rita Parker@gmail.com,357650
Daniel Brewer@gmail.com,791392
Matthew Rodriguez@gmail.com,448830
Joseph Williams@gmail.com,348295
Angela Mcconnell@gmail.com,107060
Amy Morris@gmail.com,697228
Mike Frederick@gmail.com,443799
Morgan Franklin@gmail.com,473447
Brandy Martin@gmail.com,667776
Taylor Miller MD@gmail.com,773792
Aaron Campbell@gmail.com,349617
Jessica Smith@gmail.com,716120
Monica Mendoza@gmail.com,201612
Brendan Valentine@gmail.com,884773
Elizabeth Stephens@gmail.com,834544
Amy Li@gmail.com,421754
April Bell@gmail.com,692351
Jasmine Aguilar@gmail.com,497238
Thomas Russo@gmail.com,511176
Eric Howell@gmail.com,131129
Dakota Wu@gmail.com,998160
Cheyenne Vaughn@gmail.com,589774
Gail Johnson@gmail.com,787542
Matthew Brown@gmail.com,975202
Rachel Perry@gmail.com,656436
Karen Watts@gmail.com,286724
Kelly Ross@gmail.com,283511
Michael Parrish@gmail.com,221092
Amanda Sullivan@gmail.com,213156
Edwin Perkins@gmail.com,394048
Julie Vasquez@gmail.com,461978
Lauren Sullivan@gmail.com,495967
Lindsay Davis@gmail.com,429374
James Young@gmail.com,721784
Gregory Ward@gmail.com,868916
Emma Williams@gmail.com,751576
Charles Thomas@gmail.com,651180
John White@gmail.com,965713
Alejandra Howard@gmail.com,824153
Susan Flores@gmail.com,996390
Katie Nicholson@gmail.com,216297
Stephen Harper@gmail.com,486519
Kyle Keith@gmail.com,555591
Susan Morrow@gmail.com,714540
Michael Marquez@gmail.com,710377
Ronald Todd@gmail.com,868604
Jessica Rodriguez@gmail.com,423608
Ariana Kelly@gmail.com,711208
Steven Stein@gmail.com,179170
Christopher Swanson@gmail.com,762703
Brianna Shelton@gmail.com,539498
Lisa Davis@gmail.com,272600
Benjamin Perry@gmail.com,848900
Tammy Lewis@gmail.com,916503
Shaun Weber@gmail.com,242061
Jessica Silva@gmail.com,605355
Jessica Nguyen@gmail.com,706527
Angel Harrison@gmail.com,475727
Christina Wood@gmail.com,159847
Cynthia Carter@gmail.com,524978
Nicholas Collins@gmail.com,843979
Caitlin Peters@gmail.com,394484
Ronald Barrett@gmail.com,953037
Devin Spears@gmail.com,295820
Patricia Logan@gmail.com,776040
Bruce Guzman@gmail.com,228141
Penny Hensley@gmail.com,198599
Kristin Hampton@gmail.com,986159
Holly Phillips@gmail.com,700259
Laurie Morgan@gmail.com,394604
Steven Duran@gmail.com,555091
Amanda Perez@gmail.com,491095
Crystal Hardin@gmail.com,179044
Diana Jordan@gmail.com,580572
Jordan Parker@gmail.com,719378
Jason Lawson@gmail.com,293255
Katrina Sellers@gmail.com,289068
Tracy Caldwell@gmail.com,938231
Tammy Simmons@gmail.com,566513
Nathan Brown@gmail.com,476720
Heather Fisher@gmail.com,801186
Peter Patterson@gmail.com,364772
Robin Sims@gmail.com,846190
Julie Roy@gmail.com,483111
Michael Meza@gmail.com,225219
Janet Mack@gmail.com,382259
Gary Chambers@gmail.com,394403
Teresa Phillips@gmail.com,100447
Rachel Farmer@gmail.com,578317
Rebecca Hodge@gmail.com,938570
Richard Conrad@gmail.com,907332
Crystal Jones@gmail.com,105153
Rhonda Scott@gmail.com,413027